url,name
https://drive.google.com/file/d/1v_4FGXs96Yggu3t319aUfGuvOfo--Ji7/view?usp=sharing,1.jpg
https://drive.google.com/file/d/1Isymza3G0kL57wzhqwxZgxIn5utKL9wO/view?usp=sharing,2.jpg
https://drive.google.com/file/d/1OpOhL2p65K4b_HCgRQpLm16ZlkzUCe2s/view?usp=sharing,3.jpg
https://drive.google.com/file/d/1DttLONiIj8xl29lRpUM8ExKkKo4JbVNe/view?usp=sharing,4.jpg
https://drive.google.com/file/d/1npkE7h685FSS9kM33IyEeOyngro5KOvm/view?usp=sharing,5.jpg
https://drive.google.com/file/d/1qii6Tw7lK46f_BUds8kymQOtUEDhZqjV/view?usp=sharing,6.jpg
https://drive.google.com/file/d/1ctfYI6TZJr5mbm-BjK9jNskpLStAn1mj/view?usp=sharing,7.jpg
https://drive.google.com/file/d/1LeCW8Zaw5qO3kfJKG0mZmeeHjw8dApHc/view?usp=sharing,8.jpg
https://drive.google.com/file/d/18HsxK2zdx8J0wLQE1QZITsfajDWRjgaX/view?usp=sharing,9.jpg
https://drive.google.com/file/d/1xUVHP-lj26dCvOIiMMMta2bgIGRH5hR9/view?usp=sharing,10.jpg
https://drive.google.com/file/d/1UBORN__WOk3N5lP4X-qA_lwYYhlyyYqS/view?usp=sharing,11.jpg
https://drive.google.com/file/d/12ozsRqQm34HuapdP-IpswqSXrE7BODWH/view?usp=sharing,12.jpg
https://drive.google.com/file/d/1ddDarVDFeMrqrQX7pLc5SYlfb8WVa2d3/view?usp=sharing,13.jpg
https://drive.google.com/file/d/1kw58e9iPvU1vOT2PxZuYepma0F30V2qn/view?usp=sharing,14.jpg
https://drive.google.com/file/d/1nVCrQvzsMF5KCRUZMiYr0rakkwQqslrO/view?usp=sharing,15.jpg
https://drive.google.com/file/d/1XdpsyI2ipYQdebyRJI6icWGBOLJlNXCD/view?usp=sharing,16.jpg
https://drive.google.com/file/d/1EGxTcZKCBXrsb-DSPlRArXgAO9zeOHEV/view?usp=sharing,17.jpg
https://drive.google.com/file/d/1R2qiJM_IDzSxINZRkJ1oU9N7X9ZhWZBn/view?usp=sharing,18.jpg
https://drive.google.com/file/d/1cJz2W2jQrnpZ4LfT39NhgX0UGBztrPPa/view?usp=sharing,19.jpg
https://drive.google.com/file/d/1mTDpifErX2S2EJttSEMaqR6mz1MpzjR7/view?usp=sharing,20.jpg
https://drive.google.com/file/d/1V3qcOIHvtf7LmQss0ruGtHPfIMlyIauX/view?usp=sharing,21.jpg
https://drive.google.com/file/d/1q13omJofjfnPiBpNlEwv-3_ZALGQEk6h/view?usp=sharing,22.jpg
https://drive.google.com/file/d/1iFL-df-zgCCAJLsGw8Thh-FkkGSlVrbM/view?usp=sharing,23.jpg
https://drive.google.com/file/d/1peJsSeWbW75_7SXUaFUQcsUBkEkp3q7I/view?usp=sharing,24.jpg
https://drive.google.com/file/d/1ruzqRzoiX02FLhAnwN6oJ70yaCOV9usy/view?usp=sharing,25.jpg
https://drive.google.com/file/d/1aUoa1C9eagfLdwz6V8WTzXzAjHHYPXaJ/view?usp=sharing,26.jpg
https://drive.google.com/file/d/1Dyk0jx8bXiVMVELskA1wH2t85AfZV8H8/view?usp=sharing,27.jpg
https://drive.google.com/file/d/16jiyG_dY7BTG2s8QjNuSQJn_RwkLlqXH/view?usp=sharing,28.jpg
https://drive.google.com/file/d/1l7EYIU9EAQNPZ729hAe8kKcigikut6sh/view?usp=sharing,29.jpg
https://drive.google.com/file/d/11hkKoc95B-7-zuWUGB6ZlYkbaj1oMxzZ/view?usp=sharing,30.jpg
https://drive.google.com/file/d/1qGMXNyoVsjti9RZVA8vAZ6RjVRacfgBv/view?usp=sharing,31.jpg
https://drive.google.com/file/d/1vQbs0ifLnQbnC1ejFEq6WujzKLqZl7vv/view?usp=sharing,32.jpg
https://drive.google.com/file/d/1M2nmwy6Vs-FYWSeplo1FuQ51PqchzdnB/view?usp=sharing,33.jpg
https://drive.google.com/file/d/1sp47R6r1ixHVuH4FTKwHC2nrZaym61Iy/view?usp=sharing,34.jpg
https://drive.google.com/file/d/12S8nfxTZe8xGCPO8jz-sGM6I1c8zCe1q/view?usp=sharing,35.jpg
https://drive.google.com/file/d/12gcbXlswsM0sW5_Z7DcSBJGr1Bq-2t8t/view?usp=sharing,36.jpg
https://drive.google.com/file/d/1Cw3oPXTNc-8SRhdtrmQYyiTvDaszARPN/view?usp=sharing,37.jpg
https://drive.google.com/file/d/1mo51O3ZSIhoAjU7pqpVlB6eV9WfGfSfZ/view?usp=sharing,38.jpg
https://drive.google.com/file/d/1C5L6fKZvsuJRuh2QnDj4U7_d1_Djs1Rr/view?usp=sharing,39.jpg
https://drive.google.com/file/d/1XWqPcn3xsv0ViabgEI21WyXarfoQOeaX/view?usp=sharing,40.jpg
https://drive.google.com/file/d/1p8eW_KLXFYr5TmnLnDsSXpM0xUI6bJ61/view?usp=sharing,41.jpg
https://drive.google.com/file/d/1Xtpog7JLHTLu8uPpNq90GkgqP4CpvcjD/view?usp=sharing,42.jpg
https://drive.google.com/file/d/1klpzcCJzVJGxqFyO7_kTDiM6lw5TxuU8/view?usp=sharing,43.jpg
https://drive.google.com/file/d/1Gf9_VnvtNkCVWOZu8VQ1INYnQFjRuB7m/view?usp=sharing,44.jpg
https://drive.google.com/file/d/1mnjPZpYIVahZEm1gr4Zu9gKZfMCjl2Tk/view?usp=sharing,45.jpg
https://drive.google.com/file/d/10fLWhto09ulpTOoQ_oICa06UK6vWzttW/view?usp=sharing,46.jpg
https://drive.google.com/file/d/1VI2RlOCEQp-MZuaDiydNX2wBxDcqv_kH/view?usp=sharing,47.jpg
https://drive.google.com/file/d/1Idh86DIZlODfTEChHpLTlFGu9oVwjF82/view?usp=sharing,48.jpg
https://drive.google.com/file/d/1EAYPVHFKPfUOp3vNgYgsrQGqdKFYW-a8/view?usp=sharing,49.jpg
https://drive.google.com/file/d/1HUpZhRLel0QTYYZM64ONySSJM68ju4jm/view?usp=sharing,50.jpg
https://drive.google.com/file/d/1j_wTSZ6LyYqWqgOAZFYdxFtjd0jBduSd/view?usp=sharing,51.jpg
https://drive.google.com/file/d/1_T7rY6ZMUGkrrUUDGpQvHEG53QIE1J_h/view?usp=sharing,52.jpg
https://drive.google.com/file/d/1pcE3PZPJyiJCNCdBP0DGVbumVNri-Bev/view?usp=sharing,53.jpg
https://drive.google.com/file/d/1Z0nzrIQHVjl7UmtuA4nngOFyGYVvmBB-/view?usp=sharing,54.jpg
https://drive.google.com/file/d/1mDkkEgN6DM4uUXlBqKzoV3AT0Fc6OUwv/view?usp=sharing,55.jpg
https://drive.google.com/file/d/10cmIqGD4ytSJ27IpEXRLxzafTtIOqEwb/view?usp=sharing,56.jpg
https://drive.google.com/file/d/1JLyALw0FAi4CqbIXE3sRzXwYRToDyEgw/view?usp=sharing,57.jpg
https://drive.google.com/file/d/1sS8e3ZmixCVH2YAFPuVlOAoIhpt-vfWE/view?usp=sharing,58.jpg
https://drive.google.com/file/d/1_2rE9XRzKQTqhk0TQjBqftLX-RvYtkqL/view?usp=sharing,59.jpg
https://drive.google.com/file/d/1LkIEzSKHGt3ThPYYrQWPZjfUroEcuFve/view?usp=sharing,60.jpg
https://drive.google.com/file/d/1f7AX8AtByV-EKIO86OXhrR2a6P9gCwXU/view?usp=sharing,61.jpg
https://drive.google.com/file/d/1WzyVq9WXRsCbwmV-3XbVYvTo1EVSJtPA/view?usp=sharing,62.jpg
https://drive.google.com/file/d/1Dh2em2eifFjm2KkfZDfxM2WuvxRCmMV7/view?usp=sharing,63.jpg
https://drive.google.com/file/d/1pQHZTO39FaMtxe96k3wQ-bwUufBsPYvC/view?usp=sharing,64.jpg
https://drive.google.com/file/d/1RnImJE-U_C1bMfkgSBjJk7I4RaUqraB1/view?usp=sharing,65.jpg
https://drive.google.com/file/d/1lgF7Z1c-zfEyeOyad_Bo6EmeBmmYmSe7/view?usp=sharing,66.jpg
https://drive.google.com/file/d/18pUrF5Rmh-SiXj_KnjOng6LwnpmobMit/view?usp=sharing,67.jpg
https://drive.google.com/file/d/1XUJUmJyqOQBx5b6nraIfLuK3CHwUNri0/view?usp=sharing,68.jpg
https://drive.google.com/file/d/1GCrKOzwl1UC_Ekj6ZbzSSgZLWAASM60G/view?usp=sharing,69.jpg
https://drive.google.com/file/d/15VPmA2W3BJTESFcdDiE0Xg8dzS88Klsc/view?usp=sharing,70.jpg
https://drive.google.com/file/d/1igxjPun_TKPF2PxPdmtEwR3nqhrDFVFZ/view?usp=sharing,71.jpg
https://drive.google.com/file/d/1wsTsWXkjfok0Sn3yNthn2D51nUUgPfAo/view?usp=sharing,72.jpg
https://drive.google.com/file/d/1LZX5Q9czPuvVzkKhTglyiF6nhzh1mqA1/view?usp=sharing,73.jpg
https://drive.google.com/file/d/1riJmfoH9pMuH_OSdp0f7YQKFJ6FTfNrO/view?usp=sharing,74.jpg
https://drive.google.com/file/d/1ZodO1F5ZuiDVjiFxjsv5k2GCuLpQwIRf/view?usp=sharing,75.jpg
https://drive.google.com/file/d/1FcB5CvXNaJdV8qJE0nz1NN6MVKPtk2zJ/view?usp=sharing,76.jpg
https://drive.google.com/file/d/12Cgn_OOe7x5Oai-qSUktQ4QZ57TSL-zp/view?usp=sharing,77.jpg
https://drive.google.com/file/d/1ZxZ_841mwj2NoY_cCWf9GHGmHmnONE6A/view?usp=sharing,78.jpg
https://drive.google.com/file/d/1qKLzJvu3ftF-gQS35abj99xkrcgmZQX_/view?usp=sharing,79.jpg
https://drive.google.com/file/d/1IWa-EEURHSxlNpAS12GWFYwnCr78Qli0/view?usp=sharing,80.jpg
https://drive.google.com/file/d/1OSRDlUvXTNnwLZlxsji3kxnfVjWLAKmD/view?usp=sharing,81.jpg
https://drive.google.com/file/d/1gJDoLG7URU4HHx8zhlc35lrAo1XCsO_8/view?usp=sharing,82.jpg
https://drive.google.com/file/d/1ZGds5rpjl0oMQ7bK9zYR2oVUgY4X4Lql/view?usp=sharing,83.jpg
https://drive.google.com/file/d/1JqWIAI0rY_t0uGgYnmPOToM6KeNWRxvn/view?usp=sharing,84.jpg
https://drive.google.com/file/d/1L13QcCiq5pWIaUjHGkFhwwQeosh7S9tG/view?usp=sharing,85.jpg
https://drive.google.com/file/d/1HsDUCeU29zHEdpx6zFJUNO-bHxtE6WBU/view?usp=sharing,86.jpg
https://drive.google.com/file/d/1No3R7ItN8sCZWVE76oQA483ECW65wV2l/view?usp=sharing,87.jpg
https://drive.google.com/file/d/16uno5Nefcm3awk1lVSEJ8eocgzjkR5B0/view?usp=sharing,88.jpg
https://drive.google.com/file/d/1ZRX4djV0jNJx45cG7BKsaEWYgTgDJGha/view?usp=sharing,89.jpg
https://drive.google.com/file/d/1ODCFk2IwiLjhCOU7VfcGrDWg9KqnAbY8/view?usp=sharing,90.jpg
https://drive.google.com/file/d/1V-HyzPWcCSIQCjmLetck1SbZQT1cVtgr/view?usp=sharing,91.jpg
https://drive.google.com/file/d/1cCdFnGwW1dNBLOO7cPWVry3DULHFtlcc/view?usp=sharing,92.jpg
https://drive.google.com/file/d/1kxajUeAIo1kGPWTGuY4l9K2eCVfHTfWZ/view?usp=sharing,93.jpg
https://drive.google.com/file/d/1yKw2B4-_vp8wS1H8qpc4NC0rF1ul-wa8/view?usp=sharing,94.jpg
https://drive.google.com/file/d/1erMRFTmY4lmvlMrKvVk2If-RizKCWZ0l/view?usp=sharing,95.jpg
https://drive.google.com/file/d/14pWmSJ9hsPOJZFuIKcrGQjriu93VzLz0/view?usp=sharing,96.jpg
https://drive.google.com/file/d/1f1VN6tb5Yysg0HFc0gI9BB2IvxzQ6l5K/view?usp=sharing,97.jpg
https://drive.google.com/file/d/1UJt0_jLyOR0anqb5UkcAUX0tiveICG8B/view?usp=sharing,98.jpg
https://drive.google.com/file/d/1P-A1Dw9BpwfIdrZwOnIWzDOp28x4JMYX/view?usp=sharing,99.jpg
https://drive.google.com/file/d/1C9qzCVMZ7rrXL8Njc7rKFEyQWGercs6i/view?usp=sharing,100.jpg
https://drive.google.com/file/d/1nUDKdq79IsojabL_DGbGTayRJ_gaEEvX/view?usp=sharing,101.jpg
https://drive.google.com/file/d/1Zwj-98ezSg12UdfsYVfxCdgM2a2O6XHw/view?usp=sharing,102.jpg
https://drive.google.com/file/d/1AINF2fuxpg7TXrzfDdwgOM200fijoiDv/view?usp=sharing,103.jpg
https://drive.google.com/file/d/1tC0cMmiULCKntvdx723RkckKVjWOaipd/view?usp=sharing,104.jpg
https://drive.google.com/file/d/15BOnlJB7SXDWnFaZP_Cm6vzosTdkmVsp/view?usp=sharing,105.jpg
https://drive.google.com/file/d/1fZ5gwS6hpP38y6RtFHzIC7gnpeeFtrLF/view?usp=sharing,106.jpg
https://drive.google.com/file/d/1N-h1oDhAEgaw_56cFBMGZAp4l_MONTJU/view?usp=sharing,107.jpg
https://drive.google.com/file/d/1DDUHB-Z2PNw0gY0ymtiflHQj1EUSuaTn/view?usp=sharing,108.jpg
https://drive.google.com/file/d/1azOE2eRIrdOPl9AdAR61tTkqUFdsq0zB/view?usp=sharing,109.jpg
https://drive.google.com/file/d/1vmEFLzq1i5guQSpr0uE5nLlEbZHH1whv/view?usp=sharing,110.jpg
https://drive.google.com/file/d/1HqiTE-Prk9nPEql4rphcp64fbwE9fnxx/view?usp=sharing,111.jpg
https://drive.google.com/file/d/1AZk7owEM2J5V91afv56x1rxdom3zjESu/view?usp=sharing,112.jpg
https://drive.google.com/file/d/1Ufz-pbEsTswKD1WwWeGUqfBKkpWje2t7/view?usp=sharing,113.jpg
https://drive.google.com/file/d/12wCJ5Ffbo2FQWJoyCCjGdJUCGOFpqs8y/view?usp=sharing,114.jpg
https://drive.google.com/file/d/1mfPOr__w6g_DX68Qv4rp11wDL15AzfTN/view?usp=sharing,115.jpg
https://drive.google.com/file/d/1un3NKc9Sb0zVmL2t-X9oQ68FQeyI49D6/view?usp=sharing,116.jpg
https://drive.google.com/file/d/1XSzs9MSKzUi9VEjvSXdG4wuW6OFlE60F/view?usp=sharing,117.jpg
https://drive.google.com/file/d/18Nfhp9FuaS1pKc7jTO3hXT4vzg-FI7Db/view?usp=sharing,118.jpg
https://drive.google.com/file/d/1g0Aaap92WMbAwnbJvE20t419aXKMEHdi/view?usp=sharing,119.jpg
https://drive.google.com/file/d/1r3qtHj-urHxM3pju6-ipIBlJU-tXgwex/view?usp=sharing,120.jpg
https://drive.google.com/file/d/1nvhxgdonABblwXeezmU2M9X2wRhpd7rd/view?usp=sharing,121.jpg
https://drive.google.com/file/d/1oLL_xLzI-U5_qMJYXQBLx1YoawU0rB1s/view?usp=sharing,122.jpg
https://drive.google.com/file/d/1wCwgto6cdEuwAN3zGRHJfTtYQnaB_Rh4/view?usp=sharing,123.jpg
https://drive.google.com/file/d/143F_jObaBvG1l77hgZir8HruiOBT9qcV/view?usp=sharing,124.jpg
https://drive.google.com/file/d/1IYSdtMwryUCtRVlihCufMgLudDSe7Naj/view?usp=sharing,125.jpg
https://drive.google.com/file/d/1_v0XVyjgJOJpCTokQcFjgQ8I8d4-jNxu/view?usp=sharing,126.jpg
https://drive.google.com/file/d/1LZnhgjX_Ooy4zJ7r99Iydqi6bvIOcszd/view?usp=sharing,127.jpg
https://drive.google.com/file/d/112L-8dcWTlW0PBIwlzQ1tji-mxaOJI19/view?usp=sharing,128.jpg
https://drive.google.com/file/d/1WQ98TKdbZ08AjbW2rG-0WPXkWDfK2eYl/view?usp=sharing,129.jpg
https://drive.google.com/file/d/1m7hh0KAbEypRGlvsWor7NXW3kZ2Bmlem/view?usp=sharing,130.jpg
https://drive.google.com/file/d/12yVqiIYwySGiWCN59JefWnXYMM955wDC/view?usp=sharing,131.jpg
https://drive.google.com/file/d/1cQbfhuu2-vL7J0Igqz9iQOuZsJQ0wTlZ/view?usp=sharing,132.jpg
https://drive.google.com/file/d/1A7X0GdwzsS1kR5c8LnKnC_pPsv8PQAhe/view?usp=sharing,133.jpg
https://drive.google.com/file/d/1hVhpy_8MrHNJ7D6TGUs42mXmkuk4t4W8/view?usp=sharing,134.jpg
https://drive.google.com/file/d/1ftgcSnzMhpFI41H8c5OD_1qoWZWEzBP2/view?usp=sharing,135.jpg
https://drive.google.com/file/d/1_yNUHw34Vp2RxqAunp0iGwPNqOzTzKbc/view?usp=sharing,136.jpg
https://drive.google.com/file/d/1jHnVJt6AMYU6KRQP6IKFjUXh3Cp1J9b0/view?usp=sharing,137.jpg
https://drive.google.com/file/d/1V9enBLw4iWozyu0nY4pNLSUJ4-RiRp_s/view?usp=sharing,138.jpg
https://drive.google.com/file/d/1MrPuOeWOe6yhwEGqHCJmj3SG5bnQbQww/view?usp=sharing,139.jpg
https://drive.google.com/file/d/1vHb2dINLjpzSvf2tdF5e5shVae0oDjxQ/view?usp=sharing,140.jpg
https://drive.google.com/file/d/1VKdf9frnu773HFSGrvavtdHyGsg0A04S/view?usp=sharing,141.jpg
https://drive.google.com/file/d/11L0gcPPltGMNDtkc_O6wRZAj_WWsbX7o/view?usp=sharing,142.jpg
https://drive.google.com/file/d/1ii9gWhb1eIlxBuU3IxPJk0q_7S0P3KqE/view?usp=sharing,143.jpg
https://drive.google.com/file/d/1vTuw-1aglVPbYE4oaEYbIP6LLuikDSFt/view?usp=sharing,144.jpg
https://drive.google.com/file/d/11Vs9sz9BDAkaj5QCxD927t-mz-VTFWXn/view?usp=sharing,145.jpg
https://drive.google.com/file/d/17W0dNbQ648WWbCLDQ3kAkeR0bT1bWMyW/view?usp=sharing,146.jpg
https://drive.google.com/file/d/1KbeTT5hK7TLxBUVg38Kcs6Sq1jNtXzD5/view?usp=sharing,147.jpg
https://drive.google.com/file/d/1UoBTJwOaRbMpWrYnOWNPOBzR-axREE4s/view?usp=sharing,148.jpg
https://drive.google.com/file/d/18ON-daCCgtQApC9SVxzPUIsZEHK2kZJK/view?usp=sharing,149.jpg
https://drive.google.com/file/d/1jGKwLrtXqcIGGrJzcL9eRsCy8D-KQGvl/view?usp=sharing,150.jpg
https://drive.google.com/file/d/1g5l905rSslaK-uHj6vY5LZpSy42h1tjN/view?usp=sharing,151.jpg
https://drive.google.com/file/d/1Gq9Sn1-xMI1EWDLSKgwCVl-6URaJ2yiG/view?usp=sharing,152.jpg
https://drive.google.com/file/d/1-ZaRhY6rkkEMRjIZb6GczmTpynme4Zhc/view?usp=sharing,153.jpg
https://drive.google.com/file/d/1vJoHo-PAZH_4RraK8mdfEZStKeJTXdp3/view?usp=sharing,154.jpg
https://drive.google.com/file/d/1z-OZ5Wr0EatO5q1bpsB0G3Xv11wj5Z46/view?usp=sharing,155.jpg
https://drive.google.com/file/d/1jkOOfJWbCDVRymQ01TrUAX4_GRkDLWoN/view?usp=sharing,156.jpg
https://drive.google.com/file/d/1L06ap5ra_s6MnwpMX2bIkWHmxWYaUpYT/view?usp=sharing,157.jpg
https://drive.google.com/file/d/1SLIlpEwAlYywGSOzmfcgtN7_OZG7Kwcb/view?usp=sharing,158.jpg
https://drive.google.com/file/d/1lpvvvV6h9M0GBc8a-at-2ovha4XXdfLE/view?usp=sharing,159.jpg
https://drive.google.com/file/d/1ahnx3c5S7xhmW9qeHplPosctvWEMV4oh/view?usp=sharing,160.jpg
https://drive.google.com/file/d/1scmmozRrE86kB6Z8kfBY87Pr17Q0gA1O/view?usp=sharing,161.jpg
https://drive.google.com/file/d/1RMWKinAHjtpGA8EDTjoC6H1qWZ9tnyh1/view?usp=sharing,162.jpg
https://drive.google.com/file/d/1CZ3q4YAXdB5vZOsWDR7bPvWclLmbpBgm/view?usp=sharing,163.jpg
https://drive.google.com/file/d/1SiRWDkC3QgQSt2td67hTE3dcGn8ujdRo/view?usp=sharing,164.jpg
https://drive.google.com/file/d/1VCybtiOeMs0Sxk93nEyA51k4mVoIITAu/view?usp=sharing,165.jpg
https://drive.google.com/file/d/13C46DCNwa01dfLqreKVRIq8Gnv03aKQI/view?usp=sharing,166.jpg
https://drive.google.com/file/d/1oOjp17AzniUmJnuYe-gQ8IiWi4W8RJ71/view?usp=sharing,167.jpg
https://drive.google.com/file/d/1VlSJxjX6YZt0epDm0HUx0I8HU-2SSjKk/view?usp=sharing,168.jpg
https://drive.google.com/file/d/1pOKjumfIC5ABON2fMxlUDPuMpMP6LjE4/view?usp=sharing,169.jpg
https://drive.google.com/file/d/1m14h0vaiWVri5HTTpzwzg2ZP1PlKXyLD/view?usp=sharing,170.jpg
https://drive.google.com/file/d/1bKVpQyIiNjcuRjuOIeMS22QHrXDyOtVu/view?usp=sharing,171.jpg
https://drive.google.com/file/d/1snKwCvaFpmFar-Wydym8EXtuu-3TxAI6/view?usp=sharing,172.jpg
https://drive.google.com/file/d/16KZJVDZijOiPKkJwZWdRQfE4gNhwBtU-/view?usp=sharing,173.jpg
https://drive.google.com/file/d/1WuPmRt-VoQfR_ZkT1nzIhMKeljNVUJMz/view?usp=sharing,174.jpg
https://drive.google.com/file/d/1_WmTq0L6G-N8n9uDw0BL0mLay52hPI-e/view?usp=sharing,175.jpg
https://drive.google.com/file/d/11_Qmki0qgGKl7UUkuuAVjbH9UzmfX-qA/view?usp=sharing,176.jpg
https://drive.google.com/file/d/1u8VK0lxAXcrHYFRBYUNiyNZ8oVI3AJUV/view?usp=sharing,177.jpg
https://drive.google.com/file/d/15srXsAeVJClkXGw605dER3-IGHMQBtlr/view?usp=sharing,178.jpg
https://drive.google.com/file/d/1Mkolvpncrqbbodcp7p_QFyahwUrAabfA/view?usp=sharing,179.jpg
https://drive.google.com/file/d/16Mn418BJmgaCo2BI0gZ-yjV4YknV-Me0/view?usp=sharing,180.jpg
https://drive.google.com/file/d/11jxogFxkqEeS7Kqe9yWTU0EV_JBtB-v4/view?usp=sharing,181.jpg
https://drive.google.com/file/d/1MGv1O1rLHyY4xqhj3vny7PTUtYTtHIVb/view?usp=sharing,182.jpg
https://drive.google.com/file/d/1_3R4q50xu1yCQG9gAsv0N7Y30gmNDBsG/view?usp=sharing,183.jpg
https://drive.google.com/file/d/1rfdNbyue77FhReHqNOVYVUC1cUTvMa-9/view?usp=sharing,184.jpg
https://drive.google.com/file/d/11GmE49EkJmBran5B8nrftS6D5noNTjiR/view?usp=sharing,185.jpg
https://drive.google.com/file/d/1-1RaTpi3BmK-Ce4IuLJGwNwnNA2Vfeoa/view?usp=share_link,186.jpg
https://drive.google.com/file/d/1mYChKyj4d1Uajhz-EYP_YMVD5Fr5s6MH/view?usp=sharing,187.jpg
https://drive.google.com/file/d/1qYR_sw_sAKU_sUueHbH0iJ5hWVTrmZeX/view?usp=sharing,188.jpg
https://drive.google.com/file/d/1FccvJOxJ1IrfcxS0GzHIlNxNV5GiBH3P/view?usp=sharing,189.jpg
https://drive.google.com/file/d/1WsJNbwRJFWHCFhcRml0G0WDuwYREb7eQ/view?usp=sharing,190.jpg
https://drive.google.com/file/d/1Yyi1e6BqxjDWtVu76Gq09Tb21smvhClb/view?usp=sharing,191.jpg
https://drive.google.com/file/d/1BRLFwpA3ygIIqWQaQ2vFuOPHgelleAV_/view?usp=sharing,192.jpg
https://drive.google.com/file/d/1VIJYeImFMUm7Aaacnct7HyxaOYy72Mq6/view?usp=sharing,193.jpg
https://drive.google.com/file/d/16B6D0IDuHuixxTYqmvYLjeLuAh-_nWS0/view?usp=sharing,194.jpg
https://drive.google.com/file/d/1aaEQPAORVlym-nLUOrrUE26Duoy9I84D/view?usp=sharing,195.jpg
https://drive.google.com/file/d/1FZDhwtssqO1rW3jcyk4NNlMV43KeQy4S/view?usp=sharing,196.jpg
https://drive.google.com/file/d/14E87lNQCbYQYaw2WEZUgqpLVllxzh0qo/view?usp=sharing,197.jpg
https://drive.google.com/file/d/1tZ9kuoAZ89zvrhnrRx_F7Er50cVZfWj7/view?usp=sharing,198.jpg
https://drive.google.com/file/d/1PzgfiFfMO18oSYFjyNqTvhmVruCUAL7O/view?usp=sharing,199.jpg
https://drive.google.com/file/d/1UHVGhPfVm-xSZWchGYLBl20hMhjK2jRV/view?usp=sharing,200.jpg
https://drive.google.com/file/d/11pwV6UojhJTbdka8zedEF5dtBsWI34nC/view?usp=sharing,201.jpg
https://drive.google.com/file/d/1OqGmVImRpdqbNcBelAsODrEYrVb-M9l3/view?usp=sharing,202.jpg
https://drive.google.com/file/d/1J40o_4X5NPKM8odRSC96oKfXBeV1uaVd/view?usp=sharing,203.jpg
https://drive.google.com/file/d/1FpwpZj9Xw_TP08acK0l00uxh8YNZ0jf8/view?usp=sharing,204.jpg
https://drive.google.com/file/d/1v6yYWJQAuDLxkIh5lWYiOgs94jo9JQoA/view?usp=sharing,205.jpg
https://drive.google.com/file/d/1tYSQKNRz8tUaYoyT4_mSBzUtl5bkpYCT/view?usp=sharing,206.jpg
https://drive.google.com/file/d/14PpW4hP6WC0D2w8vTG9u7dihy5qj4aKs/view?usp=sharing,207.jpg
https://drive.google.com/file/d/1g-liY9kNWt9BMQ9drA6NwUGLBSjwk6Nn/view?usp=sharing,208.jpg
https://drive.google.com/file/d/1qoqBmOo1izc8JXQvt4BB4XBWTaXgtOXI/view?usp=sharing,209.jpg
https://drive.google.com/file/d/1W8kolaUmWbp4Sn0k9fWYB8HTN_bJqvzZ/view?usp=sharing,210.jpg
https://drive.google.com/file/d/1Hm9HM6UZcXe9iykxGVnan5FJ9uDHPl1i/view?usp=sharing,211.jpg
https://drive.google.com/file/d/1SfvZyc9QQoMOspkN2ljTvvR-WLlG6Czh/view?usp=sharing,212.jpg
https://drive.google.com/file/d/1JAMeED7-u0koy2bJ6ZZhhu2cGCZc2VjH/view?usp=sharing,213.jpg
https://drive.google.com/file/d/1eS3xdgg3NdHjNuZm-PCj_U3BfXR0yy9S/view?usp=sharing,214.jpg
https://drive.google.com/file/d/175t4xW0IN99gRfCfKY3yXEMDERREEH5-/view?usp=sharing,215.jpg
https://drive.google.com/file/d/16s_pNkWCZTAR4qyc6LpVG01K8roTxBAf/view?usp=sharing,216.jpg
https://drive.google.com/file/d/1eMO9UApj4OCdb7IaK2GYOqq_Luhll7U6/view?usp=sharing,217.jpg
https://drive.google.com/file/d/14ZIwQ896HvOjHOGbQ8gdomNAa3eKx7B_/view?usp=share_link,218.jpg
https://drive.google.com/file/d/1FFM4xwd8gWBonD31XzmGbV8AX8u5WUDA/view?usp=sharing,219.jpg
https://drive.google.com/file/d/1n_bcpbFSXquY0KQS_zn-LiEMPHpcDK0w/view?usp=sharing,220.jpg
https://drive.google.com/file/d/1fZBtxJPL0iDTkwj6g6_hL_APRoP9_VU5/view?usp=sharing,221.jpg
https://drive.google.com/file/d/1YGFZKXlwiK85GK_PJxHaZa8d6ookeY2C/view?usp=sharing,222.jpg
https://drive.google.com/file/d/1KHcNfS-rLgCp7he0M7v9PyUWv91bKKlq/view?usp=sharing,223.jpg
https://drive.google.com/file/d/1pYBPEve_C1A0Zcgr6watuakBnO3MOszX/view?usp=sharing,224.jpg
https://drive.google.com/file/d/1ZSl5NvUfmwQJ-P34KRwEzTUaFHRwnv_m/view?usp=sharing,225.jpg
https://drive.google.com/file/d/18A2zmySdmMzCpWgplKo0ChcGUG1_cmXE/view?usp=sharing,226.jpg
https://drive.google.com/file/d/1_e_EPXNDtdc2m6ukOLI0eBYTAX0iLbKc/view?usp=sharing,227.jpg
https://drive.google.com/file/d/1u-_r0tB9RIGlIUC3K6ifS1cUbgd25kEk/view?usp=sharing,228.jpg
https://drive.google.com/file/d/1ugNtH1ppiOXsqiXMIot6I3Eusy8UvLV2/view?usp=sharing,229.jpg
https://drive.google.com/file/d/16Ln-NI12jh9PpMOoJw9pEDizXTdER7NR/view?usp=sharing,230.jpg
https://drive.google.com/file/d/1c0jEVgNBC6T5owmfv46lOubTqZ53hCZE/view?usp=sharing,231.jpg
https://drive.google.com/file/d/1opMUBz-Ry_RggxD_L961PswgYcUax0P0/view?usp=sharing,232.jpg
https://drive.google.com/file/d/1a_dFMhpbbpL2sucL2bxvmYYpEHxomTlq/view?usp=sharing,233.jpg
https://drive.google.com/file/d/1Ru0JGdcol-VHMMxsLk4QvR0ui9sqR1AV/view?usp=sharing,234.jpg
https://drive.google.com/file/d/1VI_Qcv_yN9Y5Pv8Kc8hv-yo9x-EtTweT/view?usp=sharing,235.jpg
https://drive.google.com/file/d/1rTI7pULnX4kdfxjX5gVahEBtgScY64oT/view?usp=sharing,236.jpg
https://drive.google.com/file/d/1AhFLx3VZavPXoR19YROYV6OSR11ayY3G/view?usp=share_link,237.jpg
https://drive.google.com/file/d/1YwDMyzmTgXHa05VDtgeCgzOs2TMnZlPY/view?usp=sharing,238.jpg
https://drive.google.com/file/d/1dYhmsepl6YPtXr1DC4Wy-nWxozoK04Zc/view?usp=sharing,239.jpg
https://drive.google.com/file/d/11yRXh39ucGycAOCvH1m322j9E160n_Ne/view?usp=sharing,240.jpg
https://drive.google.com/file/d/1Paipx3_eLSTXbSkH_Rn3iRLGcHZc9_PH/view?usp=sharing,241.jpg
https://drive.google.com/file/d/1ENdgUCXH1MKroqKuthjHiqwhKITlbvVt/view?usp=sharing,242.jpg
https://drive.google.com/file/d/19tkKOjxJXXU6hQQdYTttU_SSuXpNfnkg/view?usp=sharing,243.jpg
https://drive.google.com/file/d/1ZQt5JWW8C01c1XQC4OoVeC8SugNsBZsF/view?usp=sharing,244.jpg
https://drive.google.com/file/d/1ntIIxm81GLLVv4ADzPrrHkj2df_z9XrL/view?usp=sharing,245.jpg
https://drive.google.com/file/d/1tCizqz0P97OBuOF2WPjjlFPS5gMg05EH/view?usp=sharing,246.jpg
https://drive.google.com/file/d/1jrWuu3Yp7xogKvb7WPrQOL_uOCiGBcQt/view?usp=sharing,247.jpg
https://drive.google.com/file/d/18cLoBxquxdCG-Bu2BOxDQ5YPcrZOF1cn/view?usp=sharing,248.jpg
https://drive.google.com/file/d/1lJ3bn3nYvShNSWKpOPEpJm8Qq7R4fvQS/view?usp=sharing,249.jpg
https://drive.google.com/file/d/1iwnSvOtF3QT1_rhG81NkX6UqlQeVh0f4/view?usp=sharing,250.jpg
https://drive.google.com/file/d/1zr-ojLmvOUbAd2xJRvcq3QG2d7z_oRgu/view?usp=sharing,251.jpg
https://drive.google.com/file/d/1eLJnrJZBFA0pUisiuLxNVgNJfC_xJB7I/view?usp=sharing,252.jpg
https://drive.google.com/file/d/1VkvXAEOBH6tuc4To3Q7QApJ-DzkT-ezH/view?usp=sharing,253.jpg
https://drive.google.com/file/d/1HZH-0nM2AWwMrt0gJttn0l5Qxiyelr24/view?usp=sharing,254.jpg
https://drive.google.com/file/d/1KkME5KcZ5NgX_p332K2_-01OCdDxK5G3/view?usp=sharing,255.jpg
https://drive.google.com/file/d/1JsdRFiM3aVAyDyf-2dZQW18DvuAcRaZN/view?usp=sharing,256.jpg
https://drive.google.com/file/d/1GlgWw9CNYkuvPqXiAgChQuDim1Uuife8/view?usp=sharing,257.jpg
https://drive.google.com/file/d/18b-tqKcB1o6S6rl8tPxY7UqRfh43e5mH/view?usp=sharing,258.jpg
https://drive.google.com/file/d/1gqs34RS_CsCnUbNlLaEigxSxuKvzjTSX/view?usp=sharing,259.jpg
https://drive.google.com/file/d/1Clctht43jDXF2QSySK6_NttDqJAW6LRW/view?usp=sharing,260.jpg
https://drive.google.com/file/d/1AaIWHmvou3Sgfp-66NqegxPqt6lA-9SY/view?usp=sharing,261.jpg
https://drive.google.com/file/d/1jWzJuwkqvTss1X1vO90z40f-28aw_x4n/view?usp=sharing,262.jpg
https://drive.google.com/file/d/1e3zraVEUn7RmjLowvgvogw0xfvCDX3Ua/view?usp=sharing,263.jpg
https://drive.google.com/file/d/11q5pKXoPWPhEb3Jj9q5NvtB1VcTrqt3e/view?usp=sharing,264.jpg
https://drive.google.com/file/d/1eIU_nKJ0QOc8XPy4BK5sTlOzdsWp62uQ/view?usp=sharing,265.jpg
https://drive.google.com/file/d/1FHxUxqljF1SCzboPqQ4jJ5Iv2YLogdbi/view?usp=sharing,266.jpg
https://drive.google.com/file/d/1EiUCRYYf5uaji37PRSH_mjjnF5O5RPgn/view?usp=sharing,267.jpg
https://drive.google.com/file/d/1jiM03nhxntGy1OgkpLVXqeBBwMsUgZ5T/view?usp=sharing,268.jpg
https://drive.google.com/file/d/1vlJU-VMiYEl9wnZHcIoXPgxfa49YTcF4/view?usp=sharing,269.jpg
https://drive.google.com/file/d/1uD0PKEQVl_PpiCqphN1YKTg3CpIQgty0/view?usp=sharing,270.jpg
https://drive.google.com/file/d/1QynCaur9NoeWUwDPTa7x50EZprKjxHzf/view?usp=sharing,271.jpg
https://drive.google.com/file/d/1RXVzLHaNJ_AOkvNUbvjBR3l-JvSllmby/view?usp=sharing,272.jpg
https://drive.google.com/file/d/1HZv-8lFYkd2Ea9iPDd8pHn91of9Yv6oS/view?usp=sharing,273.jpg
https://drive.google.com/file/d/1vQDFA1q2B7-kGBTjDa6pcmQeERhzuoO9/view?usp=sharing,274.jpg
https://drive.google.com/file/d/1aqgYAVCSNClDaQQ-yYZHYGFaFyjOuRZu/view?usp=sharing,275.jpg
https://drive.google.com/file/d/1kUoE9ke0lMNRDE1GMJIouPzHh63zOCXy/view?usp=sharing,276.jpg
https://drive.google.com/file/d/1LG39HuEE3BQFn4VXhyvMjd5EDazRCXml/view?usp=sharing,277.jpg
https://drive.google.com/file/d/1DD2p9qy0BJjE5dYmszJgnBZVNzNdAbsq/view?usp=sharing,278.jpg
https://drive.google.com/file/d/1uRGDET4-zqSsG6BOcCCWUfiXM7AOEbHs/view?usp=sharing,279.jpg
https://drive.google.com/file/d/1XewrWobDt4QNlF4VMy20nqSlrn6hWQPM/view?usp=sharing,280.jpg
https://drive.google.com/file/d/1-8mfOKWW6hIhcAK2YEznM3cBKsm_9-QN/view?usp=sharing,281.jpg
https://drive.google.com/file/d/1Ql4qGft_rwLr7f7TuPEedDulnMblzh_e/view?usp=sharing,282.jpg
https://drive.google.com/file/d/10IGnyYUM6HhVHrjyLQWr8FqH_2riVqrW/view?usp=sharing,283.jpg
https://drive.google.com/file/d/1ek3zj6JKFYL4SuxAIiXNxMXhXy8vY2A4/view?usp=sharing,284.jpg
https://drive.google.com/file/d/1cbv_QPZogeJ9EgBhzDHZF1sxXJYifyBG/view?usp=sharing,285.jpg
https://drive.google.com/file/d/18egshSZOxNQd_tYNAeaDqytaOWFm2FuV/view?usp=sharing,286.jpg
https://drive.google.com/file/d/1ITdnDbj3DvjZZDphPp_I5FrO9KSr9X3j/view?usp=sharing,287.jpg
https://drive.google.com/file/d/1BNwyUsnjyyvIu0JRXSPbg3JeJasFAJg3/view?usp=sharing,288.jpg
https://drive.google.com/file/d/1WckQKhhUkYlNOg_zjpDYEBm8uXGP4s5F/view?usp=sharing,289.jpg
https://drive.google.com/file/d/1i838ss7Y0rXlm4xW7ZUDdWYkvXkoMR9f/view?usp=sharing,290.jpg
https://drive.google.com/file/d/1u7Iy0Y0w6P-NRSA3lptYET22xPZF2zLx/view?usp=sharing,291.jpg
https://drive.google.com/file/d/1KQCuxX95_1QzsNqkKcSAiu6i65pzXcEX/view?usp=sharing,292.jpg
https://drive.google.com/file/d/1C0kDj03JLblHeq3LGfC68ItjDzUAILid/view?usp=sharing,293.jpg
https://drive.google.com/file/d/1st59uAHp21ZsWE6_bcU-Ed2spXBKr23o/view?usp=sharing,294.jpg
https://drive.google.com/file/d/1yu9h9aas60Qlgw4LN5PXrYPCRmTlEye4/view?usp=sharing,295.jpg
https://drive.google.com/file/d/1GxWt8UCfASp4YikTPMz8gDUotNRwXNlt/view?usp=sharing,296.jpg
https://drive.google.com/file/d/1VZdM3sfiSthlhRfkQ7DJvdxeR-YOLjzd/view?usp=sharing,297.jpg
https://drive.google.com/file/d/1BCeABeJlKWfM8LEMZppb0NgZqzaRXTfd/view?usp=sharing,298.jpg
https://drive.google.com/file/d/1zL5N7y6DsslcbeJ8JgxBMyvWGx1zYBHS/view?usp=sharing,299.jpg
https://drive.google.com/file/d/1GVXdWpDkaqKAI25Z1ieX7CdQnJ438jxn/view?usp=sharing,300.jpg
https://drive.google.com/file/d/1LOVHgBGwowSVNCfh3uuvVEKol4FVWlLG/view?usp=sharing,301.jpg
https://drive.google.com/file/d/1GUeW4GffQB953R9gzA4NwFtSZk-7zD1l/view?usp=sharing,302.jpg
https://drive.google.com/file/d/1FjRIzN2fbHlHJAh8QVlQDb21ZAiK9pZf/view?usp=sharing,303.jpg
https://drive.google.com/file/d/1ho3hNNuBsI2_uM04efw2daW5FzUWG_Qk/view?usp=sharing,304.jpg
https://drive.google.com/file/d/1wh84Ac1eQLzl6Wmv88Z5aCDs0bnaco7B/view?usp=sharing,305.jpg
https://drive.google.com/file/d/1QkCq3sqWgPCuwk-M5L8aZFiZBlDUguh7/view?usp=sharing,306.jpg
https://drive.google.com/file/d/1jjfvM58iyLIIgV9YT_iTmezJo_ZUcvF-/view?usp=sharing,307.jpg
https://drive.google.com/file/d/1WRdSe-A7DF7qtHDLgV4kxPeUKhubKnG1/view?usp=sharing,308.jpg
https://drive.google.com/file/d/1q8sO62hGbN93fy1nk9WJtstZAaWHbrTh/view?usp=sharing,309.jpg
https://drive.google.com/file/d/1KufUq6DjiYSOP6yTIhzGWXyizrbFcF-m/view?usp=sharing,310.jpg
https://drive.google.com/file/d/1BaqlVcTK2O-FtfxSaXT72uRBaI6ouJcm/view?usp=sharing,311.jpg
https://drive.google.com/file/d/1HB11ENOMC5KEbqBotAIJpTPFSlUD1s-o/view?usp=sharing,312.jpg
https://drive.google.com/file/d/1f5qTWC8jtwMEUJ0MUHDmDO68LGO10fFt/view?usp=sharing,313.jpg
https://drive.google.com/file/d/1SaSOZb7CwqBWSZLgiDR8Hhold_NOYHAx/view?usp=sharing,314.jpg
https://drive.google.com/file/d/1hJ5jSFgD9p0YWah_M35D5-XX1eWGMlRm/view?usp=sharing,315.jpg
https://drive.google.com/file/d/1uGdlhPOjINPPVlp8zxh4007O9D8Ns_E9/view?usp=sharing,316.jpg
https://drive.google.com/file/d/1EVK1YWntA3eHXiFL5ok7Rw3ZBpkKE_D7/view?usp=sharing,317.jpg
https://drive.google.com/file/d/1xOEaZdmjhMa1dZKtjfWM5xagfKuFXOER/view?usp=sharing,318.jpg
https://drive.google.com/file/d/1wnxiRUTD_wAP7gp1JGI-BwXD0_dNvvjq/view?usp=sharing,319.jpg
https://drive.google.com/file/d/1rZmwzVLqwav8NQcIfkgyiLKeBOdqSS-y/view?usp=sharing,320.jpg
https://drive.google.com/file/d/1luHbcPLj4BFquei2XFd_e4PgL9z8fBaB/view?usp=sharing,321.jpg
https://drive.google.com/file/d/1oSLgkDZVNtoSTo-1lqoKPGD_AvvZLCdO/view?usp=sharing,322.jpg
https://drive.google.com/file/d/15JLTnj5zhDkQ3CWNpfiDS51ykFhKEhI1/view?usp=sharing,323.jpg
https://drive.google.com/file/d/111tmTqhti30waD2ToHBnhDXMWZr6Fiv3/view?usp=sharing,324.jpg
https://drive.google.com/file/d/1l-0RqRBinZMdVZ2IJnJYWMKbDwph54bS/view?usp=sharing,325.jpg
https://drive.google.com/file/d/1y5rIUOKbw_O6CJD6RvJdikYe1Uav-Ba2/view?usp=sharing,326.jpg
https://drive.google.com/file/d/1lb5unRFMzlCZwR4qVYPDwPXdw7evicTa/view?usp=sharing,327.jpg
https://drive.google.com/file/d/1op21VnIDCX_kpphMiw4zXhVcpVx_Znwn/view?usp=sharing,328.jpg
https://drive.google.com/file/d/1fy6cbZwgERtFvVwovTW5yKZIRNqVSJzB/view?usp=sharing,329.jpg
https://drive.google.com/file/d/1NvTM1g3vx1Kut8y_4vvBJo79qKHzUztk/view?usp=sharing,330.jpg
https://drive.google.com/file/d/1gGksBJBqx0NVoZuQlinZ_8PhY9nCshrZ/view?usp=sharing,331.jpg
https://drive.google.com/file/d/1UejoAZIzw5j2-fZDO54rqRL0ITIi4iOf/view?usp=sharing,332.jpg
https://drive.google.com/file/d/1XmEF3Y_EVn1lonn_hWKIbtSjgRFn_dbg/view?usp=sharing,333.jpg
https://drive.google.com/file/d/1RkgHCc_BENHGzRjkp5-Y-7TvU7m58if8/view?usp=sharing,334.jpg
https://drive.google.com/file/d/1RZKgj6SgXHvcTwD5hi3tDnL24akXydT0/view?usp=sharing,335.jpg
https://drive.google.com/file/d/1zIU7R9B0aDdb2iU_AHp4YbObnLDAts0M/view?usp=sharing,336.jpg
https://drive.google.com/file/d/1eG4x0HMf4jIlTARyW3hf9EE8Q_PSqHPE/view?usp=sharing,337.jpg
https://drive.google.com/file/d/1L1p8TyeiPTeDnfjsltL5yYI2aKvNNO9w/view?usp=sharing,338.jpg
https://drive.google.com/file/d/1VlsI9LlwAnuIBOVvXzcOaRgcOTFzDdfO/view?usp=sharing,339.jpg
https://drive.google.com/file/d/1Zc-4xffN0v0XdDSXW-x1NAACedZAqgXQ/view?usp=sharing,340.jpg
https://drive.google.com/file/d/1b0lHedBVO7x_rukR1faGc_vfaGCmTSgj/view?usp=sharing,341.jpg
https://drive.google.com/file/d/1828HR7oyHuDJpNFSn5JmLlYAZ24vA7x7/view?usp=sharing,342.jpg
https://drive.google.com/file/d/1ZSpeFIL5uWXLKjxoqf96tykotj5G5J-Q/view?usp=sharing,343.jpg
https://drive.google.com/file/d/1cta4lpPhoahfL1nlRrl3fYCs86bhsNjd/view?usp=sharing,344.jpg
https://drive.google.com/file/d/12vpSXXIvh5O51Xf7jc-cr6cnonOEz7zw/view?usp=sharing,345.jpg
https://drive.google.com/file/d/1opDxSogFwDYpEb5PGw4jTADE96Y2WtG7/view?usp=sharing,346.jpg
https://drive.google.com/file/d/1ooVd4XP2M8uvAgD3jqy3SN9TjXcZXBCO/view?usp=sharing,347.jpg
https://drive.google.com/file/d/1Tj_Fffv-Mc7x6_jQoPut_j9SUCcoydah/view?usp=sharing,348.jpg
https://drive.google.com/file/d/1VHq_c_pitRRiOT_VNDOFpOt_UvMiKJgv/view?usp=sharing,349.jpg
https://drive.google.com/file/d/1VALnSYTdN8clzOrVZO4oEh1vWMUO7WgK/view?usp=sharing,350.jpg
https://drive.google.com/file/d/1iG9en_nfEYbr4NEkFMt3-xoAIldZBgYQ/view?usp=sharing,351.jpg
https://drive.google.com/file/d/1rbCs8iZS6b3LtSyDCOMcEXH8GAlOt4qZ/view?usp=sharing,352.jpg
https://drive.google.com/file/d/1fK5cnosN9juhwT1bAWSq2FvsfWWj1gyO/view?usp=sharing,353.jpg
https://drive.google.com/file/d/1Vg9pDOIb4D_9uk_FU-PN67RDhh3URJqT/view?usp=sharing,354.jpg
https://drive.google.com/file/d/1gfUANnECP3LDzTjUtm_9lBpdAe3s4Xyw/view?usp=sharing,355.jpg
https://drive.google.com/file/d/1C2a62EXZZgDQ05jLqV6S9eO4NUs2R1SU/view?usp=sharing,356.jpg
https://drive.google.com/file/d/1x6YtYEy6hdyz4-M5McGewICI16YWjtav/view?usp=sharing,357.jpg
https://drive.google.com/file/d/1SmdvO4_afqmXobG3NQT5vu5VjsopwX8r/view?usp=sharing,358.jpg
https://drive.google.com/file/d/13ZH_IEWc7TBZAJNIPDnJW3vs_q7opGcv/view?usp=sharing,359.jpg
https://drive.google.com/file/d/1DivZOcoKB52Y-av9UMmPiIogDTLacT_W/view?usp=sharing,360.jpg
https://drive.google.com/file/d/1JigHUpLu2fn945h0hTvVgiO8e2TV0Uue/view?usp=sharing,361.jpg
https://drive.google.com/file/d/1Ev1HphDd6ARyBxl2_PUoyWxWlfAh9n7F/view?usp=sharing,362.jpg
https://drive.google.com/file/d/1cTKQhk1Gcvsa36S3yS-5EU4WtbW56xaQ/view?usp=sharing,363.jpg
https://drive.google.com/file/d/1lcMOCr0PYGVo5UIUZXEXzXL0JU5_MIgg/view?usp=sharing,364.jpg
https://drive.google.com/file/d/1TU-vDyoLAB5--Mx4gvO5P_0Cu9AVyDqC/view?usp=sharing,365.jpg
https://drive.google.com/file/d/1A1f5i2QjKCaDwo5rm3VkBWBNRDlH60lC/view?usp=sharing,366.jpg
https://drive.google.com/file/d/1N6vR25DLC0FZk7m0Kj9cqT3vnyjdyQOA/view?usp=sharing,367.jpg
https://drive.google.com/file/d/14wxdQT03SW3H6H1dQsVqj2B6s1GhUSY7/view?usp=sharing,368.jpg
https://drive.google.com/file/d/1Mu4B99f_8N1nQxTYtHOfiGj2lIRhn65P/view?usp=sharing,369.jpg
https://drive.google.com/file/d/1ivYW6KDjJ0KCp241kGMdYMgTi3vLVLa2/view?usp=sharing,370.jpg
https://drive.google.com/file/d/10RtFjWCJpEFr6Za1p4F3jIp8a2V2fEg5/view?usp=sharing,371.jpg
https://drive.google.com/file/d/1QevesjiyIZoUiGS00ScGoNoxtScdTp8W/view?usp=sharing,372.jpg
https://drive.google.com/file/d/1v4HCkO7m3y4tylqtqv5CzAn0rfRfST7m/view?usp=sharing,373.jpg
https://drive.google.com/file/d/1CQEIRtnYHCuBwFTBYxYsWkQ1QKjVjIIJ/view?usp=sharing,374.jpg
https://drive.google.com/file/d/1WUA_iuY9HxHRZBVvI8Hq39NskzbzC-0e/view?usp=sharing,375.jpg
https://drive.google.com/file/d/118UoiMp2MPYeDFHJgRZF-D2-TtLE53Ov/view?usp=sharing,376.jpg
https://drive.google.com/file/d/1kpVx-RP6RkIBeO0BP6bI-6pktQV171VI/view?usp=sharing,377.jpg
https://drive.google.com/file/d/1GciXsHlPyobvmEXy0TGbJk0MTPGBdpWE/view?usp=sharing,378.jpg
https://drive.google.com/file/d/1jsDqBgpjjv3U7WRb6PJBRv1QYy5LFlHi/view?usp=sharing,379.jpg
https://drive.google.com/file/d/1nOyp1h4xXHZTxnQALqhJ08E4YeNJ6C6p/view?usp=sharing,380.jpg
https://drive.google.com/file/d/1gp4EB_H5pnsJTvhJfzP4qEeoWkq9bVqP/view?usp=sharing,381.jpg
https://drive.google.com/file/d/1mtIOu31sfSD7VQLjrcgYMpLTPYt_4eFO/view?usp=sharing,382.jpg
https://drive.google.com/file/d/15ni4MeSzSvzNK7ApghKU2XnMk019M6x1/view?usp=sharing,383.jpg
https://drive.google.com/file/d/1NC-kP-pSY9wJdrgbZnKbNcCzbSV962qB/view?usp=sharing,384.jpg
https://drive.google.com/file/d/1c6ET3nowvSsYvkQarueJoQxQeStMOq--/view?usp=sharing,385.jpg
https://drive.google.com/file/d/1EYgCsAXuhxtIYuCSSWKugZP_JiM8jjqz/view?usp=sharing,386.jpg
https://drive.google.com/file/d/1G2YWXv0p1YZmB6Gsfe2dO0xdWf6LUeVB/view?usp=sharing,387.jpg
https://drive.google.com/file/d/1BxmUUVgj2Iau_pHkovTQetlDHezR_Wkp/view?usp=sharing,388.jpg
https://drive.google.com/file/d/1PUQshZgNL6tX5cS4aP636BXA9VNXNVpq/view?usp=sharing,389.jpg
https://drive.google.com/file/d/1OfA4w2yQ1uGy66zPDmyH7KN8PoG0ItOh/view?usp=sharing,390.jpg
https://drive.google.com/file/d/1HQHBTRpNUNY2kQ0B3sOzw3AIKiQ5XsJl/view?usp=sharing,391.jpg
https://drive.google.com/file/d/1G1sHiVYDnKlOh6uW2-ZdFkqpUQkZOV0x/view?usp=sharing,392.jpg
https://drive.google.com/file/d/1SjRDhO4HJ_WO82IWqrR9SG8vahCwKzNn/view?usp=sharing,393.jpg
https://drive.google.com/file/d/1fj906rRvObqRqYlvQh_8sC4u8vkYHYJP/view?usp=sharing,394.jpg
https://drive.google.com/file/d/1IeejxodAEOPnBK-2VdYiVAvRH6sKjGMd/view?usp=sharing,395.jpg
https://drive.google.com/file/d/1aiVn1lJHaTkvfQFGg2fqKpjSdp-hUxUC/view?usp=sharing,396.jpg
https://drive.google.com/file/d/18GluoIzVFP_yuVpBX8Em1bx0GIg1TuH2/view?usp=sharing,397.jpg
https://drive.google.com/file/d/1GYk2FDBdJrt2X79wPnOBoOZF2QH6AcbW/view?usp=sharing,398.jpg
https://drive.google.com/file/d/1ClAbuwZR2mkRJo44BvUWsBonRFgqp8o9/view?usp=sharing,399.jpg
https://drive.google.com/file/d/1BVKNqBpLdgfT2kJpyOrEvhicjUJSFpHZ/view?usp=sharing,400.jpg
https://drive.google.com/file/d/1toIitkmj6xnqEM3CAiCHxzQrhXRD_p_Q/view?usp=sharing,401.jpg
https://drive.google.com/file/d/1KAtEMGAr-LWfEzuwFy2roR4vCQ_ecl0O/view?usp=sharing,402.jpg
https://drive.google.com/file/d/1d3Tz4L7BbfVIgBMIOeEAk7SC_ZshiTvk/view?usp=sharing,403.jpg
https://drive.google.com/file/d/1p3MZ2l74Zw8yLG7DGA22YUKqeK1K3i0n/view?usp=sharing,404.jpg
https://drive.google.com/file/d/146ppWjMD-jv8MsLWh8oFtUXFi-waMntP/view?usp=sharing,405.jpg
https://drive.google.com/file/d/17uXb5H0kSMesHVAR7r1_6NraiAfQA0yi/view?usp=sharing,406.jpg
https://drive.google.com/file/d/1CUsrIf1BGnnhCTX1GHmaVbo11NgeEMgr/view?usp=sharing,407.jpg
https://drive.google.com/file/d/14_16MBBgKRM9oZwTGSN9GJblFNuwndpf/view?usp=sharing,408.jpg
https://drive.google.com/file/d/1cfjkxrnn1-Ws7c5KzE7-FN0aIqqXiOQF/view?usp=sharing,409.jpg
https://drive.google.com/file/d/1xz59u0B6S3xO0AcB31N0mgdTPMRySk9a/view?usp=sharing,410.jpg
https://drive.google.com/file/d/1wf6c8LLSodZ_5OvMkPTLXeXSwKibzPvZ/view?usp=sharing,411.jpg
https://drive.google.com/file/d/14p-MA9AmO3Kf44iLqLgrc1KHWBpaRA8G/view?usp=sharing,412.jpg
https://drive.google.com/file/d/1tx8o8w91aqw3k6CaxI1f-gxpAoV22yp6/view?usp=sharing,413.jpg
https://drive.google.com/file/d/1fYamTMa1ZB3CzDOyWxCfhKI3L2j1vR7J/view?usp=sharing,414.jpg
https://drive.google.com/file/d/1DDUPUz1PJYIlmUsQ4fi7k8l6xKAqzb0q/view?usp=sharing,415.jpg
https://drive.google.com/file/d/1eJ-08i7HtFvPYHdRnELsblgm6tY079fj/view?usp=sharing,416.jpg
https://drive.google.com/file/d/1Xq6CIdmWrno41D0PJ3ESIJ_L_tH3iRmg/view?usp=sharing,417.jpg
https://drive.google.com/file/d/11iBGMQfdQzKS4Wie-FoCiOstUhF1691I/view?usp=sharing,418.jpg
https://drive.google.com/file/d/1HzEJ1c_3jX-C44g32T1z0Bt1R84I3mJW/view?usp=sharing,419.jpg
https://drive.google.com/file/d/1Ba88gEkP7CKNLp4OYy0jKaTec5G1fIIh/view?usp=sharing,420.jpg
https://drive.google.com/file/d/1U2_8uATTliNhBZDx61INANKTKxk7cpTi/view?usp=sharing,421.jpg
https://drive.google.com/file/d/1skss2BI_-uGWDYIrkmbfefHHXDWYy7yn/view?usp=sharing,422.jpg
https://drive.google.com/file/d/1zilnZ-Hg2NZiL6TR6YmDYtIdKcj2JFhH/view?usp=sharing,423.jpg
https://drive.google.com/file/d/1pczJLTVnLyHDjo-fmzd5s_A2lnG8fHM7/view?usp=sharing,424.jpg
https://drive.google.com/file/d/1TaGhr-WWip-eRu9sYUy8KrsB9UlfG_Im/view?usp=sharing,425.jpg
https://drive.google.com/file/d/1izJIViWYKVGzESq3qfuHbCfkmMbXkVuc/view?usp=sharing,426.jpg
https://drive.google.com/file/d/1xY_MqEc3uOEL5xvE9lYTGJ6OJPlAArWS/view?usp=sharing,427.jpg
https://drive.google.com/file/d/1Wch_kcxO-_MSrBd4tyGQsC_dXyOttIIF/view?usp=sharing,428.jpg
https://drive.google.com/file/d/1EYKumlSsrqKHNA6TbZfnrscg0F5KgSYg/view?usp=sharing,429.jpg
https://drive.google.com/file/d/1gYGD8SnyvMsNgSmeWgF1xZiAFm5Pllca/view?usp=sharing,430.jpg
https://drive.google.com/file/d/1JLUIkzxiJ2P-eVOgnLmb1zyker17wj7l/view?usp=sharing,431.jpg
https://drive.google.com/file/d/1y8Ol0_urR_KdDlcWEw9hZ979KBQ_ozHp/view?usp=sharing,432.jpg
https://drive.google.com/file/d/1Qg3RtlzGStLsvGsgkLm9QEhINOWo8MDV/view?usp=sharing,433.jpg
https://drive.google.com/file/d/1m8Y-P-lBw6IkILN6LVQ2sO9xx9D8qSBD/view?usp=sharing,434.jpg
https://drive.google.com/file/d/1skPUUmw_frFjR4sIPO4dIxk0mnDUH5UN/view?usp=sharing,435.jpg
https://drive.google.com/file/d/1ZaHC8JkZK3uAQbvp8hBPnP6YtIA2v7Kk/view?usp=sharing,436.jpg
https://drive.google.com/file/d/12Ul_sg1zLz6b3_PvH5k7LI2mG4PlWWmE/view?usp=sharing,437.jpg
https://drive.google.com/file/d/1b6SHlzW0ox4gYWPHJ4V0XNGxwHqJO5rg/view?usp=sharing,438.jpg
https://drive.google.com/file/d/1FS-osT_v7dH6pF1URFaIMXwErnTMFWu-/view?usp=sharing,439.jpg
https://drive.google.com/file/d/1Gq5CyYWiftqddMmYJBplTFqMqYY6Ao9r/view?usp=sharing,440.jpg
https://drive.google.com/file/d/1swyXz0EX1z3WGXTnVs4rB7-lSbq05V5E/view?usp=sharing,441.jpg
https://drive.google.com/file/d/1E_zU43NdPQrQs_EbbgIeOVJr1IAQ1b_O/view?usp=sharing,442.jpg
https://drive.google.com/file/d/14SW8n5lb3oYoXJv_Rvnap-Aq51sdmBW9/view?usp=sharing,443.jpg
https://drive.google.com/file/d/1EDAskGZeJln12DePCekZITDjifvl8aXY/view?usp=sharing,444.jpg
https://drive.google.com/file/d/1kxwTqZLKkj_Ga1sxMdjcBk6LLutuz39T/view?usp=sharing,445.jpg
https://drive.google.com/file/d/1prtRSSRBp4ryNBbiHEfOgJJIMpOsf_o3/view?usp=sharing,446.jpg
https://drive.google.com/file/d/1XwVIMD-qlNp532-AByRuhQltoTAlm_qS/view?usp=sharing,447.jpg
https://drive.google.com/file/d/1Fq-NpWkRkGr7cLwbrV84SzufV_aWAasr/view?usp=sharing,448.jpg
https://drive.google.com/file/d/1_6GwYbw-AzOkHQkKGOeLLpvnQXbJojTw/view?usp=sharing,449.jpg
https://drive.google.com/file/d/1_B3CLNZYw6j6jB-EIfyI0zEH5EdNmetw/view?usp=sharing,450.jpg
https://drive.google.com/file/d/1LkohJTxupt7GsSvfr-gaezvukKm-FVKj/view?usp=sharing,451.jpg
https://drive.google.com/file/d/1nUmCRu4wnqWaowKbc8AkUMsjxFN1g9BU/view?usp=sharing,452.jpg
https://drive.google.com/file/d/1bUgYhh6J97bHW_fCGBklhFK19Hg6E412/view?usp=sharing,453.jpg
https://drive.google.com/file/d/1_h-ZuOeEI_atTR4dz223E24V5sWlPdAn/view?usp=sharing,454.jpg
https://drive.google.com/file/d/1oXJuho3aF66WCQMZ_tTZRNA2Wc3QA5gx/view?usp=sharing,455.jpg
https://drive.google.com/file/d/1yuqh5SDNygg4LWsoT1Xy9YTyK0rxVKAg/view?usp=sharing,456.jpg
https://drive.google.com/file/d/1uhh5L7klH8OgV65X8ksU7J-lH6GYnN4-/view?usp=sharing,457.jpg
https://drive.google.com/file/d/1FtHkL-AdkRCQvQ3tup-oLG_qljuCxq5w/view?usp=sharing,458.jpg
https://drive.google.com/file/d/1yVXzFBXX6-Tsb9FVPimCrE8TubjyVWUU/view?usp=sharing,459.jpg
https://drive.google.com/file/d/1Y7spXd94W33NXmmL5txT15RrsKsKPdu7/view?usp=share_link,460.jpg
https://drive.google.com/file/d/1LEdLgbjZhIOXekPN_M_E_a06C-DcFmYs/view?usp=sharing,461.jpg
https://drive.google.com/file/d/1saWw5hAmt88t6pBS8EupcpjG-BuCir45/view?usp=sharing,462.jpg
https://drive.google.com/file/d/1oiPUPbb3k3wmoRn3s5fSAPMdPX11UgYp/view?usp=sharing,463.jpg
https://drive.google.com/file/d/1zs5Zen5SreRnD91mUn6rtDWU2U5Icoe_/view?usp=sharing,464.jpg
https://drive.google.com/file/d/1gIc6npFIezWPuRAQClkBHg3K5HpAwDTk/view?usp=sharing,465.jpg
https://drive.google.com/file/d/1euj4QAMrOxGJVTxv0VX9mSsgDp8o5SwZ/view?usp=sharing,466.jpg
https://drive.google.com/file/d/1jaYm3TgI2IBWA2BUVVUogJ_o8-QMQZN1/view?usp=sharing,467.jpg
https://drive.google.com/file/d/1499bBYkmYnrl8QqVGgqBcog_M-Ueo1__/view?usp=sharing,468.jpg
https://drive.google.com/file/d/1zcSYCq7ymkaCpr9sIJm7rsA3luVq-XEs/view?usp=sharing,469.jpg
https://drive.google.com/file/d/1P0yu1f5kMZ1J0BunhrRU8WrsyiIhwlKD/view?usp=sharing,470.jpg
https://drive.google.com/file/d/12kKvu8IBTJkLrM3hsryH2oaUOq9wkAyI/view?usp=sharing,471.jpg
https://drive.google.com/file/d/1CgrLjr1VnBJzGXYveoJeXLo40-5Mt3ny/view?usp=sharing,472.jpg
https://drive.google.com/file/d/1h_Ml-gofAzajKf38xvJglnz-ungcO067/view?usp=sharing,473.jpg
https://drive.google.com/file/d/1ed7CaenQ9rbkqDg31nHg13-TRsdjeflf/view?usp=sharing,474.jpg
https://drive.google.com/file/d/1l4o_T3GLD5cbWUmtwBa9KMSTQ5brDFsA/view?usp=sharing,475.jpg
https://drive.google.com/file/d/1WgfEzWjUdv0P2mkkCPQgevH6Jh-5EtJa/view?usp=sharing,476.jpg
https://drive.google.com/file/d/1eXwD9o73h1m91y7aWEv3Bl50xvzzUvu-/view?usp=sharing,477.jpg
https://drive.google.com/file/d/1sVKizgA3QnMOtyy7qNs8X9ndbUMsWmuE/view?usp=sharing,478.jpg
https://drive.google.com/file/d/1T8fbtlJZcRwfzooXEoNBepkxSHE2HJjG/view?usp=sharing,479.jpg
https://drive.google.com/file/d/1NMhgtm8VnCvrZsw5E6INJmkmxBzil_FZ/view?usp=sharing,480.jpg
https://drive.google.com/file/d/1TUZM7VRE-kaXxaSnsiFIuTIx8VaTSuqG/view?usp=sharing,481.jpg
https://drive.google.com/file/d/1DUJ30Sl4i34yGG5leZIL91AAOYQypycm/view?usp=sharing,482.jpg
https://drive.google.com/file/d/1WprnNTr-lwJIy8bPx1_XS9PE6E6RaPPg/view?usp=sharing,483.jpg
https://drive.google.com/file/d/1xYq4Dvk8Dk8PkSkRy32Uyga7CXkJ8vAX/view?usp=sharing,484.jpg
https://drive.google.com/file/d/1gTUlz1D2Dwpj9xB2ihIEsUZXzfXYzERs/view?usp=sharing,485.jpg
https://drive.google.com/file/d/1PNlqc0Jg4bm9KOsakVSsKmJDaQwqLGrB/view?usp=sharing,486.jpg
https://drive.google.com/file/d/1pyQstjJZOoKDUECn8lpjVkVEJglsI_E8/view?usp=sharing,487.jpg
https://drive.google.com/file/d/1RVjCxZh50qy4aIic-aY3PWjSmy2oAgVm/view?usp=sharing,488.jpg
https://drive.google.com/file/d/12y3RCcUA6c2px4Via0vV9blbTbjsS6yw/view?usp=sharing,489.jpg
https://drive.google.com/file/d/1FT6P2q_cktpRqA58pw5JI58tA9R0P3BS/view?usp=sharing,490.jpg
https://drive.google.com/file/d/1ycooBDYhbqicxiNW3ADymBujgdMVhh8h/view?usp=sharing,491.jpg
https://drive.google.com/file/d/1GJPQZOTJ47ZRiIKEu_ijYwvfBNaT4KA5/view?usp=sharing,492.jpg
https://drive.google.com/file/d/1PEUKUXMS1lyIs1M8OykJgDxAj2U0uhUM/view?usp=sharing,493.jpg
https://drive.google.com/file/d/1btP0ByonbcpU8OlzF6uesqxs04pCNP6H/view?usp=sharing,494.jpg
https://drive.google.com/file/d/1IiQh9VjcPADWHw-EUkf-WjJmJgtCUIl6/view?usp=sharing,495.jpg
https://drive.google.com/file/d/11-uMVO6c3eldXkQ4PgY3t0lVEBXj_ULF/view?usp=sharing,496.jpg
https://drive.google.com/file/d/1_hrtZAUE_T1qvBetL3T-XeNx8JUHxnnC/view?usp=sharing,497.jpg
https://drive.google.com/file/d/16h_-lULKttrNQ6et7wAaHuwzwzv0K8cp/view?usp=sharing,498.jpg
https://drive.google.com/file/d/1uPswEtGbVoTygCiTFVT2mLvmuTMOUQ8A/view?usp=sharing,499.jpg
https://drive.google.com/file/d/1i0Fyi1U2KcNHbvvvDIlINUkFHD4jNSh-/view?usp=sharing,500.jpg
https://drive.google.com/file/d/1se82yTl2XkZXiHxyTBVHQ5lEx33YqpxM/view?usp=sharing,501.jpg
https://drive.google.com/file/d/12a320KFU49Q22OyTOvACDVixcRer1v4H/view?usp=sharing,502.jpg
https://drive.google.com/file/d/1EIJHJqxTwq3QNeS2pfh80hovd4qwlmcq/view?usp=sharing,503.jpg
https://drive.google.com/file/d/1PQ_kdmKXsfTKUUEZbyfP4dhmzJiKXw8g/view?usp=sharing,504.jpg
https://drive.google.com/file/d/1W-3y9MBzBjx8H95X6f2oIWBLj-DtqM3n/view?usp=sharing,505.jpg
https://drive.google.com/file/d/1wDb4XmW_yBIpT0LS0HM1Nf2eSspveQIp/view?usp=sharing,506.jpg
https://drive.google.com/file/d/1j-GXdH0RVew2yK6cL-6R3AjG0Sq_ydWc/view?usp=sharing,507.jpg
https://drive.google.com/file/d/1Dy28jSdmZo4fX1XDHXxVQVxNVpf54tdw/view?usp=sharing,508.jpg
https://drive.google.com/file/d/1bi2kmjYCh6-ORzrj20fXYjuM_hXG5ZH6/view?usp=sharing,509.jpg
https://drive.google.com/file/d/1LReBi4l_MLl7STd2g4biqxzTxAx9bA4a/view?usp=sharing,510.jpg
https://drive.google.com/file/d/1bNjz8xEGK6sK4_mFB7n0BzUStvi02qzP/view?usp=sharing,511.jpg
https://drive.google.com/file/d/1JNelGvZOtNigBMeI28EU25cBpiRNps7Q/view?usp=sharing,512.jpg
https://drive.google.com/file/d/1iUBlU7ly1x8P0g1Y7J45h4DQfcscVbxj/view?usp=sharing,513.jpg
https://drive.google.com/file/d/1ZlGhKJn0gPeVaG-j9i5hygojegHpn_Y_/view?usp=sharing,514.jpg
https://drive.google.com/file/d/1K7ORGQIqTYIzljlMvQhtWTqduHeVOJL5/view?usp=sharing,515.jpg
https://drive.google.com/file/d/1vmg4TsmrtbYfXhY-wPcqKCSfD3CWS8Kl/view?usp=sharing,516.jpg
https://drive.google.com/file/d/1-z3J-aAsUl9AyUVITEDWCFy0J_WDtUQG/view?usp=sharing,517.jpg
https://drive.google.com/file/d/1fiU4LXhMtwbHsk-TL8j4fPXdxTFpO-rz/view?usp=sharing,518.jpg
https://drive.google.com/file/d/1EGN7Oh0nTqJYmrV8vRFSe_aLVr8zrbgx/view?usp=sharing,519.jpg
https://drive.google.com/file/d/1WhBEvVG2zKE6RE_RLPbh8jfuPj-DLb3e/view?usp=sharing,520.jpg
https://drive.google.com/file/d/1eeWWueF2uNIcda6eMxEzMmmmtLVhxaH8/view?usp=sharing,521.jpg
https://drive.google.com/file/d/1Lp034Cj9l7De83NlAPpj8-5fMxqPrb8C/view?usp=sharing,522.jpg
https://drive.google.com/file/d/1s0lSdcl9afdDlvTXYzKPm_70WTjqmo3Z/view?usp=sharing,523.jpg
https://drive.google.com/file/d/13jEwppiT8qS5mOqlYMd5R6Jvm04tUxpq/view?usp=sharing,524.jpg
https://drive.google.com/file/d/1Rtk2PuVwS-VsNcuMIgiqosi_r-cXJ7HJ/view?usp=sharing,525.jpg
https://drive.google.com/file/d/1tX2agdycBIu3O0qdoVYjKYA_m3wzz7yi/view?usp=sharing,526.jpg
https://drive.google.com/file/d/1wpVK9cNa6EqqGi4Arps8be0GLRJOn4LZ/view?usp=sharing,527.jpg
https://drive.google.com/file/d/1b59wrb9HS-snxNHTc5BoAcGwAL1lB0Rz/view?usp=sharing,528.jpg
https://drive.google.com/file/d/1aYVo11BbHjCNVlQCgjgs7aqhzmTaikXj/view?usp=sharing,529.jpg
https://drive.google.com/file/d/1ROKk7mE-G6EUNhfR7a4vAXrr6UQFpbXw/view?usp=sharing,530.jpg
https://drive.google.com/file/d/1lCd-SCfT9816X9flrqFPlQGnbH_QEmac/view?usp=sharing,531.jpg
https://drive.google.com/file/d/1mmOSGJ31nNLEVlpLFer3vLZ79Sz6CfU7/view?usp=sharing,532.jpg
https://drive.google.com/file/d/1OEiiByo6EwwTJ47zU248adoofQ2X5ZIs/view?usp=sharing,533.jpg
https://drive.google.com/file/d/17rrY5glWx7HLnwQXqltgLjRQtnDJN7lu/view?usp=sharing,534.jpg
https://drive.google.com/file/d/12Y4uqZNuPSg8HgswTCK3obdaz50gCnDn/view?usp=sharing,535.jpg
https://drive.google.com/file/d/1MNDJWhiyhDklhx41uB8UVxq9CTdhBPJd/view?usp=sharing,536.jpg
https://drive.google.com/file/d/16gkTECYcnvJgqAf4b7F6zKXjVETn1PHf/view?usp=sharing,537.jpg
https://drive.google.com/file/d/1J0J4QXLGvuGwdAr6_obR3Til-vHIuVs2/view?usp=sharing,538.jpg
https://drive.google.com/file/d/1tuHpaMEnlH6wA-juuHtOHelz5PnulV7e/view?usp=sharing,539.jpg
https://drive.google.com/file/d/14mVSNxKB88kHmK1Nd3S6M-2rUVzmmoxr/view?usp=sharing,540.jpg
https://drive.google.com/file/d/1rrV-LGMh61x6R9PewBmeTL1d64KcHetZ/view?usp=sharing,541.jpg
https://drive.google.com/file/d/1kCPmxpqPwahYN9Zk_mUwXoNnwNeBw6-w/view?usp=sharing,542.jpg
https://drive.google.com/file/d/1sGtKCHYC5PGhGGovL--qGa1f1C0k0nOV/view?usp=sharing,543.jpg
https://drive.google.com/file/d/1ugNcKK4aK5sfykfGJelCbC0BlHQmzJue/view?usp=sharing,544.jpg
https://drive.google.com/file/d/1yiiOYH44i6dc55AQDM7o7eycfFI39XwW/view?usp=sharing,545.jpg
https://drive.google.com/file/d/1B36NDbsAD14_1cBxKfNBFE2bacoiiIA-/view?usp=sharing,546.jpg
https://drive.google.com/file/d/1em0l3V7p1ogxMfcVABV3Q6jMzd0__bfK/view?usp=sharing,547.jpg
https://drive.google.com/file/d/1nxCfWyJ_lSYhZLviVa67EuNv-JzlUoEO/view?usp=sharing,548.jpg
https://drive.google.com/file/d/1yzXkc052e-ZcwIMbWLOvGO0t6qcqKbgg/view?usp=sharing,549.jpg
https://drive.google.com/file/d/1IGCUmxaQ4KuTOm8JOXB9j9H66jDnC7k5/view?usp=sharing,550.jpg
https://drive.google.com/file/d/1snZWjNgaZvOZOvpi3m_lca-YuYQL6EBD/view?usp=sharing,551.jpg
https://drive.google.com/file/d/1To4f_zxdcC6nVMeuf42V-32MmiEU5jxS/view?usp=sharing,552.jpg
https://drive.google.com/file/d/1qAWjFQka56L2bKl6Z_LGoTqGb_lPiUg-/view?usp=sharing,553.jpg
https://drive.google.com/file/d/1_c7NWSgduJgJbKTFdnL3lsFX-QU5EPAG/view?usp=sharing,554.jpg
https://drive.google.com/file/d/1NQOsEWtgZnLSr1Ii5PB_SnSTL28Emh96/view?usp=sharing,555.jpg
https://drive.google.com/file/d/1e09wHUhmcISoqWIDA3wsE84400vKN5qM/view?usp=sharing,556.jpg
https://drive.google.com/file/d/19C7toEPndzExnPZqhv9WwfUM2jnf7-8D/view?usp=sharing,557.jpg
https://drive.google.com/file/d/19_33CkWxNa7YBxB_t2IlU0acbzpfLAJi/view?usp=sharing,558.jpg
https://drive.google.com/file/d/1FzEAS5eWYKUvzFSsM4Wh2iUAZMohz6Mw/view?usp=sharing,559.jpg
https://drive.google.com/file/d/1TT4fuIpUKuMK-jVrWlcStBgpHS3YAMh6/view?usp=sharing,560.jpg
https://drive.google.com/file/d/19bu8gAX5fJudIIeey_0qKXwzZ-Lpgg8Q/view?usp=sharing,561.jpg
https://drive.google.com/file/d/1ykY60oGbVNzm3vm41Sw4Ts1kDiSO5gjp/view?usp=sharing,562.jpg
https://drive.google.com/file/d/1MIRt_i8n5z7nk9CNWYXVsQ6oMzfE70xz/view?usp=sharing,563.jpg
https://drive.google.com/file/d/1C-zce9kzLUaNTvKVjPkRBpmnQOMidjcp/view?usp=sharing,564.jpg
https://drive.google.com/file/d/1DEZz52RsghdgI_jZTMn-mx0br1fwpFru/view?usp=sharing,565.jpg
https://drive.google.com/file/d/1aeBYvXXRRb7XOm5OW_eMlyeAIEi7Zc5t/view?usp=sharing,566.jpg
https://drive.google.com/file/d/16a8hUnBv5xMFnwyNlAhcDziF8O2B0G_h/view?usp=sharing,567.jpg
https://drive.google.com/file/d/1uBmAkSPywjnsMSQJjho0yc00NRrf7zBz/view?usp=sharing,568.jpg
https://drive.google.com/file/d/1ijt0ecisBDCbnP9iQ5cHp7WQlGPwmTpO/view?usp=sharing,569.jpg
https://drive.google.com/file/d/1huKsrt0vscJdYRLnIRD8v8_YgIjZl1Tm/view?usp=sharing,570.jpg
https://drive.google.com/file/d/1unPUQT6-D57bq5HZZFw0EFQbctkV94eC/view?usp=sharing,571.jpg
https://drive.google.com/file/d/1l0VcV571sh8CPMn2No5S-IgUUDRsgLq_/view?usp=sharing,572.jpg
https://drive.google.com/file/d/1ZAftU_pXDRMyfkE86fy5U3rPg0tTi1hz/view?usp=sharing,573.jpg
https://drive.google.com/file/d/1K45MgxXqPYoGwF_Ck9c26oX8B4Q6Oafv/view?usp=sharing,574.jpg
https://drive.google.com/file/d/1h6K5Zfme1ZXvFeEUrUxMpeqnVyoRZwcr/view?usp=sharing,575.jpg
https://drive.google.com/file/d/1KskrjJ1I6dTgmaaRpMZPdIRFbz5zu4od/view?usp=sharing,576.jpg
https://drive.google.com/file/d/1FK97F0rS8LTIXbo5OdxVuIloeA1-jeHr/view?usp=sharing,577.jpg
https://drive.google.com/file/d/1SBNnoHm2DQ-ao5gfMeK2UcbNpRXoO47f/view?usp=sharing,578.jpg
https://drive.google.com/file/d/17cJiD1zpyqK4nBNN7ya1mfE9DQlKxJQm/view?usp=sharing,579.jpg
https://drive.google.com/file/d/1jDatwDu8A0ycAjbu28oNvOiBJQLU-lnx/view?usp=sharing,580.jpg
https://drive.google.com/file/d/1KeHog1u5MnwSfzyD9yBj4oIlp2YAyHwf/view?usp=sharing,581.jpg
https://drive.google.com/file/d/1EUMVkI6asoBt7l80JfW7XQ4KWT27fZDe/view?usp=sharing,582.jpg
https://drive.google.com/file/d/1AaGI8KuAaJfPPgwkXSBsNDbxRKhSAluM/view?usp=sharing,583.jpg
https://drive.google.com/file/d/1t-026y6XP-pi4gVvjftcxLh5fk0RnpcL/view?usp=sharing,584.jpg
https://drive.google.com/file/d/1jV1VtMwZ0-4W-NqPIDF35GXXbAIeBiM8/view?usp=sharing,585.jpg
https://drive.google.com/file/d/16jJWf3eLYQiWH3-6BkyLghQMMaNLxJay/view?usp=sharing,586.jpg
https://drive.google.com/file/d/1Ov4_xFiqnjvKNN5Un7xhg3L3BWieCiaz/view?usp=sharing,587.jpg
https://drive.google.com/file/d/1UaMY72ruqnun425RYF8wTmUS8luyG_f0/view?usp=sharing,588.jpg
https://drive.google.com/file/d/180Vk6BvitDkwytr0yGv0Wb3wtx8-2D8_/view?usp=sharing,589.jpg
https://drive.google.com/file/d/1cZuUvxfxc9jrn57Y99LQosxbvUvv8V-R/view?usp=sharing,590.jpg
https://drive.google.com/file/d/1I4HOF2-6lL6iKdgXECEzDily8_OIvcnT/view?usp=sharing,591.jpg
https://drive.google.com/file/d/1--Dsh79NQFoIe97rn3Clv7DVEK8PAaTM/view?usp=sharing,592.jpg
https://drive.google.com/file/d/1CY5PLw_DW_F4ZZCed1eIaQEOb-3QH5ru/view?usp=sharing,593.jpg
https://drive.google.com/file/d/1uK9xKfyrNjXoEwvNPCJiCLHI5qN7JAcc/view?usp=sharing,594.jpg
https://drive.google.com/file/d/17vlVtB08gJECMAm112EAZx3aEOV-ajTK/view?usp=sharing,595.jpg